arrival_ts,actual,naive_forecast,naive_error,historical_mean_forecast,historical_mean_error,moving_average_forecast,moving_average_error,ses_forecast,ses_error
2025-03-14,158.2,190.45,-32.25,178.1859589041096,-19.985958904109623,185.6357142857143,-27.43571428571431,186.92178201152802,-28.721782011528035
2025-03-15,182.65,158.2,24.450000000000017,178.1688622754491,4.481137724550905,185.53571428571428,-2.885714285714272,184.52844092491065,-1.8784409249106488
2025-03-16,204.4,182.65,21.75,178.1726923076923,26.227307692307704,183.77142857142854,20.628571428571462,184.37191338624444,20.028086613755562
2025-03-17,173.7,204.4,-30.700000000000017,178.19508966695133,-4.495089666951344,184.0142857142857,-10.314285714285717,186.04082245880107,-12.340822458801085
2025-03-18,157.2,173.7,-16.5,178.1912542662116,-20.991254266211598,183.68571428571428,-26.485714285714295,185.01248106196698,-27.81248106196699
2025-03-19,169.0,157.2,11.800000000000011,178.1733589087809,-9.173358908780898,179.48571428571427,-10.485714285714266,182.69491059855855,-13.69491059855855
2025-03-20,148.5,169.0,-20.5,178.1655451448041,-29.6655451448041,176.5142857142857,-28.014285714285705,181.55373515895923,-33.05373515895923
2025-03-21,168.5,148.5,20.0,178.14029787234043,-9.640297872340426,170.52142857142854,-2.021428571428544,178.79941920494375,-10.299419204943746
2025-03-22,247.15,168.5,78.65,178.13210034013605,69.01789965986396,171.9928571428571,75.1571428571429,177.94118474227727,69.20881525772273
2025-03-23,211.85,247.15,-35.30000000000001,178.1907391673747,33.65926083262531,181.20714285714286,30.64285714285714,183.70824686418658,28.141753135813417
2025-03-24,188.10000000000002,211.85,-23.74999999999997,178.21931239388795,9.880687606112076,182.27142857142854,5.828571428571479,186.05325505352357,2.0467449464764513
2025-03-25,195.35000000000002,188.10000000000002,7.25,178.22769296013573,17.122307039864296,184.32857142857142,11.0214285714286,186.22380710256644,9.126192897433583
2025-03-26,198.95,195.35000000000002,3.599999999999966,178.2422033898305,20.70779661016948,189.77857142857144,9.17142857142855,186.98427845552973,11.965721544470256
2025-03-27,183.5,198.95,-15.449999999999989,178.25973751058424,5.2402624894157555,194.05714285714288,-10.557142857142878,187.98136328097365,-4.481363280973653
2025-03-28,174.2,183.5,-9.300000000000011,178.26417089678512,-4.064170896785129,199.05714285714288,-24.85714285714289,187.60793830128029,-13.407938301280296
2025-03-29,199.14999999999998,174.2,24.94999999999999,178.26073541842774,20.889264581572235,199.8714285714286,-0.7214285714286177,186.49067581351386,12.659324186486117
2025-03-30,182.05,199.14999999999998,-17.099999999999966,178.2783783783784,3.7716216216216196,193.0142857142857,-10.964285714285694,187.54555746020856,-5.495557460208545
2025-03-31,177.5,182.05,-4.550000000000011,178.2815611814346,-0.7815611814345971,188.7571428571429,-11.257142857142895,187.08762126885023,-9.587621268850228
2025-04-01,167.2,177.5,-10.300000000000011,178.28090219224282,-11.080902192242831,187.24285714285716,-20.042857142857173,186.28869981277708,-19.088699812777094
2025-04-02,161.4,167.2,-5.799999999999983,178.27156697556867,-16.87156697556867,183.22142857142856,-21.821428571428555,184.69806837028204,-23.29806837028204
2025-04-03,167.5,161.4,6.099999999999994,178.25736531986533,-10.757365319865329,177.85714285714286,-10.357142857142861,182.75667684217154,-15.256676842171544
2025-04-04,160.1,167.5,-7.400000000000006,178.24831791421363,-18.148317914213635,175.57142857142858,-15.47142857142859,181.4853618688542,-21.385361868854204
2025-04-05,219.60000000000002,160.1,59.50000000000003,178.23306722689077,41.366932773109255,173.55714285714285,46.04285714285717,179.70335317620533,39.8966468237947
2025-04-06,188.85,219.60000000000002,-30.75000000000003,178.2678001679261,10.582199832073883,176.47857142857143,12.371428571428567,183.0278782360824,5.8221217639176075
2025-04-07,183.5,188.85,-5.349999999999994,178.276677852349,5.223322147651004,177.45000000000002,6.049999999999983,183.51302651912695,-0.013026519126952962
2025-04-08,182.05,183.5,-1.4499999999999886,178.2810561609388,3.7689438390612224,178.30714285714288,3.742857142857133,183.5119410397013,-1.461941039701287
2025-04-09,190.9,182.05,8.849999999999994,178.28421273031827,12.615787269681732,180.42857142857142,10.47142857142859,183.39011978379438,7.50988021620563
2025-04-10,182.1,190.9,-8.800000000000011,178.294769874477,3.8052301255229963,184.64285714285714,-2.5428571428571445,184.01590633387008,-1.9159063338700832
2025-04-11,168.25,182.1,-13.849999999999994,178.29795150501673,-10.047951505016727,186.72857142857143,-18.478571428571428,183.85625686138536,-15.606256861385361
2025-04-12,193.4,168.25,25.150000000000006,178.28955722639932,15.110442773600681,187.89285714285714,5.507142857142867,182.55581193287549,10.84418806712452
2025-04-13,206.0,193.4,12.599999999999994,178.30217028380633,27.697829716193667,184.15000000000003,21.849999999999966,183.4594411311487,22.540558868851292
2025-04-14,175.10000000000002,206.0,-30.899999999999977,178.32527105921602,-3.2252710592159985,186.6,-11.499999999999972,185.33771057955852,-10.237710579558495
2025-04-15,165.2,175.10000000000002,-9.900000000000034,178.32258333333334,-13.122583333333353,185.4,-20.200000000000017,184.484618199945,-19.284618199945015
2025-04-16,176.8,165.2,11.600000000000023,178.31165695253955,-1.5116569525395391,182.99285714285716,-6.19285714285715,182.87766118526073,-6.077661185260723
2025-04-17,179.0,176.8,2.1999999999999886,178.3103993344426,0.689600665557407,180.97857142857143,-1.9785714285714278,182.3712192026781,-3.3712192026781054
2025-04-18,163.35000000000002,179.0,-15.649999999999977,178.31097256857856,-14.96097256857854,180.53571428571428,-17.185714285714255,182.09030078938034,-18.740300789380314
2025-04-19,192.10000000000002,163.35000000000002,28.75,178.2985465116279,13.801453488372118,179.83571428571432,12.264285714285705,180.52870089154706,11.571299108452962
2025-04-20,194.35,192.10000000000002,2.2499999999999716,178.31,16.039999999999992,179.65,14.699999999999989,181.49291911347646,12.857080886523534
2025-04-21,153.55,194.35,-40.79999999999998,178.32330016583748,-24.77330016583747,177.9857142857143,-24.435714285714283,182.56427951609106,-29.01427951609105
2025-04-22,160.65,153.55,7.099999999999994,178.30277547638775,-17.652775476387745,174.90714285714287,-14.257142857142867,180.146565070776,-19.496565070776
2025-04-23,187.1,160.65,26.44999999999999,178.28816225165562,8.811837748344374,174.25714285714284,12.842857142857156,178.52194685547624,8.57805314452375
2025-04-24,154.89999999999998,187.1,-32.20000000000002,178.29545078577337,-23.39545078577339,175.72857142857146,-20.82857142857148,179.2367425817907,-24.33674258179073
2025-04-25,156.55,154.89999999999998,1.650000000000034,178.27611570247933,-21.72611570247932,172.28571428571428,-15.735714285714266,177.20879995928726,-20.65879995928725
2025-04-26,191.4,156.55,34.849999999999994,178.2581750619323,13.141824938067714,171.3142857142857,20.085714285714317,175.4873345320054,15.9126654679946
2025-04-27,184.75,191.4,-6.650000000000006,178.26901815181517,6.480981848184825,171.21428571428572,13.535714285714278,176.81331200954713,7.936687990452867
2025-04-28,165.1,184.75,-19.650000000000006,178.27436108821104,-13.174361088211043,169.84285714285716,-4.7428571428571615,177.47466378262268,-12.37466378262269
2025-04-29,168.8,165.1,3.700000000000017,178.26350906095553,-9.463509060955516,171.49285714285716,-2.69285714285715,176.44350244130553,-7.643502441305515
2025-04-30,175.60000000000002,168.8,6.800000000000011,178.25572016460907,-2.6557201646090505,172.65714285714284,2.9428571428571786,175.80658136060467,-0.20658136060464471
2025-05-01,173.95,175.60000000000002,-1.650000000000034,178.2535361842105,-4.303536184210515,171.01428571428573,2.935714285714255,175.78936725954833,-1.8393672595483395
2025-05-02,144.0,173.95,-29.94999999999999,178.25,-34.25,173.7357142857143,-29.735714285714295,175.63609566818644,-31.636095668186442
2025-05-03,168.7,144.0,24.69999999999999,178.2218801313629,-9.521880131362906,171.94285714285712,-3.242857142857133,172.9999093914283,-4.299909391428315
2025-05-04,163.0,168.7,-5.699999999999989,178.21406890894175,-15.214068908941755,168.70000000000002,-5.700000000000017,172.64160468000384,-9.641604680003837
2025-05-05,173.3,163.0,10.300000000000011,178.20159836065574,-4.901598360655726,165.59285714285716,7.7071428571428555,171.83818487087385,1.4618151291261654
2025-05-06,150.4,173.3,-22.900000000000006,178.19758394758395,-27.797583947583945,166.7642857142857,-16.3642857142857,171.95999563484983,-21.559995634849827
2025-05-07,171.25,150.4,20.849999999999994,178.1748363338789,-6.924836333878886,164.1357142857143,7.1142857142857,170.16343498413997,1.0865650158600317
2025-05-08,168.35000000000002,171.25,-2.8999999999999773,178.16917416189696,-9.819174161896939,163.5142857142857,4.835714285714317,170.25397674421237,-1.9039767442123434
2025-05-09,141.1,168.35000000000002,-27.25000000000003,178.1611519607843,-37.061151960784315,162.71428571428572,-21.614285714285728,170.0953213457396,-28.995321345739598
2025-05-10,182.5,141.1,41.400000000000006,178.13089795918367,4.36910204081633,162.29999999999998,20.200000000000017,167.67918665505155,14.820813344948448
2025-05-11,181.4,182.5,-1.0999999999999943,178.1344616639478,3.2655383360522023,164.27142857142857,17.128571428571433,168.91418180616424,12.485818193835769
2025-05-12,155.8,181.4,-25.599999999999994,178.13712306438467,-22.337123064384656,166.9,-11.099999999999994,169.95460547038354,-14.15460547038353
2025-05-13,143.85,155.8,-11.950000000000017,178.1189332247557,-34.2689332247557,164.4,-20.55000000000001,168.77512437747882,-24.925124377478824
2025-05-14,170.35,143.85,26.5,178.09104963384866,-7.741049633848661,163.46428571428572,6.885714285714272,166.69815282196302,3.6518471780369737
2025-05-15,149.05,170.35,-21.299999999999983,178.08475609756098,-29.034756097560972,163.33571428571432,-14.285714285714306,167.00245552469002,-17.95245552469001
2025-05-16,156.4,149.05,7.349999999999994,178.06116978066612,-21.661169780666114,160.57857142857142,-4.178571428571416,165.50650553817226,-9.106505538172257
2025-05-17,177.0,156.4,20.599999999999994,178.04358766233767,-1.0435876623376714,162.7642857142857,14.235714285714295,164.74767470200518,12.252325297994815
2025-05-18,159.2,177.0,-17.80000000000001,178.04274128142742,-18.842741281427436,161.97857142857143,-2.778571428571439,165.76864176910857,-6.568641769108581
2025-05-19,167.5,159.2,8.300000000000011,178.02747163695298,-10.527471636952981,158.80714285714288,8.692857142857122,165.22128714386392,2.2787128561360817
2025-05-20,158.14999999999998,167.5,-9.350000000000023,178.01894736842104,-19.86894736842106,160.47857142857143,-2.3285714285714505,165.41116871531395,-7.261168715313971
2025-05-21,184.4,158.14999999999998,26.25000000000003,178.00287216828477,6.397127831715238,162.52142857142857,21.878571428571433,164.80610690486478,19.59389309513523
2025-05-22,162.3,184.4,-22.099999999999994,178.00804365400163,-15.708043654001614,164.52857142857144,-2.2285714285714278,166.43883531191673,-4.138835311916722
2025-05-23,157.5,162.3,-4.800000000000011,177.99535541195476,-20.495355411954762,166.42142857142858,-8.921428571428578,166.09395265112718,-8.593952651127182
2025-05-24,188.4,157.5,30.900000000000006,177.97881355932202,10.421186440677985,166.57857142857142,21.821428571428584,165.37783204384272,23.02216795615729
2025-05-25,186.7,188.4,-1.700000000000017,177.98721774193547,8.712782258064522,168.20714285714286,18.492857142857133,167.29623322279332,19.40376677720667
2025-05-26,163.45,186.7,-23.25,177.99423851732473,-14.544238517324743,172.13571428571427,-8.685714285714283,168.9131187017093,-5.4631187017093055
2025-05-27,164.7,163.45,1.25,177.98252818035425,-13.282528180354262,171.55714285714285,-6.857142857142861,168.4578855812636,-3.757885581263622
2025-05-28,165.25,164.7,0.5500000000000114,177.97184231697506,-12.721842316975057,172.49285714285716,-7.2428571428571615,168.144746864563,-2.8947468645629897
2025-05-29,168.1,165.25,2.8499999999999943,177.961615755627,-9.861615755627014,169.75714285714284,-1.6571428571428442,167.90353214454547,0.19646785545452872
2025-05-30,154.60000000000002,168.1,-13.499999999999972,177.95369477911646,-23.353694779116438,170.58571428571426,-15.985714285714238,167.919903503066,-13.319903503065973
2025-05-31,176.6,154.60000000000002,21.99999999999997,177.9349518459069,-1.3349518459069145,170.17142857142858,6.428571428571416,166.80997681708004,9.790023182919953
2025-06-01,178.9,176.6,2.3000000000000114,177.93388131515636,0.96611868484365,168.48571428571427,10.41428571428574,167.62576410747917,11.274235892520835
2025-06-02,149.89999999999998,178.9,-29.00000000000003,177.93465544871796,-28.034655448717984,167.37142857142857,-17.47142857142859,168.5652285171372,-18.665228517137223
2025-06-03,154.4,149.89999999999998,4.500000000000028,177.91220976781426,-23.512209767814255,165.43571428571428,-11.035714285714278,167.0098842741081,-12.609884274108083
2025-06-04,146.60000000000002,154.4,-7.799999999999983,177.8934,-31.29339999999999,163.96428571428572,-17.3642857142857,165.95912237783716,-19.35912237783714
2025-06-05,143.5,146.60000000000002,-3.1000000000000227,177.8683852917666,-34.3683852917666,161.29999999999998,-17.799999999999983,164.34595704676076,-20.84595704676076
2025-06-06,161.1,143.5,17.599999999999994,177.84093450479233,-16.740934504792335,157.78571428571428,3.3142857142857167,162.6088961126638,-1.5088961126638196
2025-06-07,198.8,161.1,37.70000000000002,177.82757382282523,20.972426177174782,158.71428571428572,40.08571428571429,162.48316216410777,36.316837835892244
2025-06-08,177.0,198.8,-21.80000000000001,177.84429824561403,-0.8442982456140271,161.8857142857143,15.1142857142857,165.50938735075445,11.490612649245548
2025-06-09,145.55,177.0,-31.44999999999999,177.84362549800798,-32.29362549800797,161.6142857142857,-16.06428571428569,166.46688209647763,-20.91688209647762
2025-06-10,143.60000000000002,145.55,-1.9499999999999886,177.81791401273884,-34.21791401273882,160.99285714285716,-17.39285714285714,164.72391108913072,-21.1239110891307
2025-06-11,169.85,143.60000000000002,26.24999999999997,177.79069212410502,-7.940692124105027,159.45000000000002,10.399999999999977,162.96368868025036,6.8863113197496375
2025-06-12,144.8,169.85,-25.049999999999983,177.7843799682035,-32.984379968203484,162.77142857142857,-17.97142857142856,163.53751421134658,-18.737514211346564
2025-06-13,170.2,144.8,25.399999999999977,177.75818109610802,-7.558181096108029,162.95714285714286,7.242857142857133,161.97614651469414,8.223853485305852
2025-06-14,196.5,170.2,26.30000000000001,177.75218253968254,18.747817460317464,164.25714285714284,32.24285714285716,162.66142733845376,33.83857266154624
2025-06-15,200.4,196.5,3.9000000000000057,177.76704996034894,22.632950039651064,163.92857142857142,36.47142857142859,165.481142571682,34.918857428318006
2025-06-16,164.05,200.4,-36.349999999999994,177.78498415213946,-13.734984152139447,167.27142857142857,-3.221428571428561,168.39087624166754,-4.34087624166753
2025-06-17,169.5,164.05,5.449999999999989,177.77410926365798,-8.274109263657976,169.91428571428574,-0.41428571428573946,168.02915782680964,1.4708421731903627
2025-06-18,165.2,169.5,-4.300000000000011,177.76756329113925,-12.567563291139265,173.6142857142857,-8.414285714285711,168.1517208002217,-2.9517208002217217
2025-06-19,169.2,165.2,4.0,177.75762845849803,-8.557628458498044,172.95000000000002,-3.7500000000000284,167.9057585314266,1.2942414685733752
2025-06-20,154.0,169.2,-15.199999999999989,177.75086887835704,-23.75086887835704,176.43571428571428,-22.435714285714283,168.01360564486467,-14.013605644864668
2025-06-21,178.6,154.0,24.599999999999994,177.7321231254933,0.8678768745066918,174.1214285714286,4.478571428571399,166.845873846467,11.754126153533008
2025-06-22,173.5,178.6,-5.099999999999994,177.73280757097794,-4.23280757097794,171.56428571428572,1.9357142857142833,167.8253267595642,5.674673240435794
2025-06-23,153.7,173.5,-19.80000000000001,177.72947202521672,-24.029472025216734,167.72142857142856,-14.021428571428572,168.29818838820592,-14.598188388205926
2025-06-24,149.1,153.7,-4.599999999999994,177.71055118110235,-28.610551181102352,166.24285714285716,-17.142857142857167,167.08174422587467,-17.981744225874678
2025-06-25,153.6,149.1,4.5,177.6880409126672,-24.088040912667196,163.32857142857142,-9.728571428571428,165.58335365778396,-11.983353657783965
2025-06-26,149.8,153.6,-3.799999999999983,177.6691037735849,-27.869103773584897,161.67142857142855,-11.871428571428538,164.58479957596796,-14.784799575967952
2025-06-27,167.85,149.8,18.049999999999983,177.64721131186175,-9.797211311861759,158.9,8.949999999999989,163.35280539578915,4.497194604210847
2025-06-28,167.25,167.85,-0.5999999999999943,177.63952119309263,-10.389521193092634,160.87857142857143,6.371428571428567,163.72754957483946,3.5224504251605424
2025-06-29,196.5,167.25,29.25,177.6313725490196,18.868627450980398,159.25714285714284,37.24285714285716,164.02106984892015,32.47893015107985
2025-06-30,166.3,196.5,-30.19999999999999,177.64615987460814,-11.346159874608134,162.54285714285714,3.757142857142867,166.72748820237592,-0.4274882023759119
2025-07-01,155.4,166.3,-10.900000000000006,177.63727486296006,-22.23727486296005,164.34285714285713,-8.942857142857122,166.69186628036636,-11.29186628036635
2025-07-02,151.9,155.4,-3.5,177.61987480438185,-25.719874804381845,165.24285714285716,-13.342857142857156,165.75093275811682,-13.850932758116812
2025-07-03,147.2,151.9,-4.700000000000017,177.59976544175137,-30.399765441751384,165.0,-17.80000000000001,164.59675623645566,-17.396756236455673
2025-07-04,159.1,147.2,11.900000000000006,177.576015625,-18.476015625000002,164.62857142857143,-5.528571428571439,163.14711180081915,-4.0471118008191524
2025-07-05,180.7,159.1,21.599999999999994,177.5615925058548,3.1384074941451843,163.37857142857143,17.321428571428555,162.80987231647424,17.890127683525748
2025-07-06,191.5,180.7,10.800000000000011,177.56404056162248,13.935959438377523,165.29999999999998,26.200000000000017,164.3006286216585,27.19937137834151
2025-07-07,155.5,191.5,-36.0,177.57490257209665,-22.074902572096647,164.58571428571426,-9.08571428571426,166.56710961590255,-11.067109615902552
2025-07-08,144.9,155.5,-10.599999999999994,177.55771028037384,-32.657710280373834,163.04285714285714,-18.14285714285714,165.64490471429838,-20.74490471429837
2025-07-09,144.1,144.9,-0.8000000000000114,177.53229571984437,-33.432295719844376,161.54285714285714,-17.44285714285715,163.9162643127117,-19.816264312711695
2025-07-10,126.6,144.1,-17.5,177.50629860031106,-50.90629860031106,160.42857142857142,-33.82857142857142,162.26500606056538,-35.66500606056539
2025-07-11,169.5,126.6,42.900000000000006,177.46674436674436,-7.966744366744365,157.48571428571427,12.014285714285734,159.2930969943052,10.206903005694812
2025-07-12,177.2,169.5,7.699999999999989,177.46055900621118,-0.26055900621119576,158.97142857142856,18.228571428571428,160.14362222706558,17.05637777293441
2025-07-13,172.5,177.2,-4.699999999999989,177.46035686578742,-4.960356865787418,158.47142857142856,14.02857142857144,161.56490345872615,10.93509654127385
2025-07-14,134.3,172.5,-38.19999999999999,177.45651162790696,-43.15651162790695,155.75714285714284,-21.457142857142827,162.4761079176923,-28.176107917692292
2025-07-15,137.5,134.3,3.1999999999999886,177.42308288148723,-39.92308288148723,152.72857142857143,-15.228571428571428,160.12823699821692,-22.62823699821692
2025-07-16,142.65,137.5,5.150000000000006,177.39218266253872,-34.74218266253871,151.67142857142858,-9.021428571428572,158.24266146868288,-15.592661468682877
2025-07-17,142.64999999999998,142.65,-2.842170943040401e-14,177.365313225058,-34.715313225058026,151.46428571428572,-8.814285714285745,156.94334942294228,-14.293349422942299
2025-07-18,152.8,142.64999999999998,10.150000000000034,177.338485316847,-24.538485316846987,153.75714285714284,-0.9571428571428271,155.75230701388924,-2.952307013889225
2025-07-19,158.8,152.8,6.0,177.31953667953667,-18.519536679536657,151.37142857142857,7.428571428571445,155.50629589682785,3.2937041031721606
2025-07-20,149.85,158.8,-8.950000000000017,177.30524691358025,-27.455246913580254,148.74285714285716,1.1071428571428328,155.78075509835364,-5.930755098353643
2025-07-21,141.6,149.85,-8.25,177.28407864302235,-35.68407864302236,145.50714285714287,-3.9071428571428726,155.28655456978413,-13.686554569784136
2025-07-22,175.9,141.6,34.30000000000001,177.2565870570108,-1.3565870570107847,146.54999999999998,29.350000000000023,154.14607542496825,21.75392457503176
2025-07-23,159.9,175.9,-16.0,177.25554272517323,-17.355542725173223,152.03571428571428,7.864285714285728,155.95879587036757,3.941204129632439
2025-07-24,160.3,159.9,0.4000000000000057,177.2421923076923,-16.942192307692295,154.5,5.800000000000011,156.28721023443484,4.012789765565174
2025-07-25,171.95,160.3,11.649999999999977,177.2291698693313,-5.279169869331298,157.02142857142857,14.928571428571416,156.6215897173663,15.328410282633683
2025-07-26,172.3,171.95,0.35000000000002274,177.22511520737328,-4.925115207373267,159.7571428571429,12.542857142857116,157.89888212586766,14.401117874132353
2025-07-27,193.3,172.3,21.0,177.22133537989257,16.078664620107446,161.68571428571428,31.614285714285728,159.09890471108005,34.20109528891996
2025-07-28,148.45,193.3,-44.85000000000002,177.2336656441718,-28.783665644171805,167.89285714285714,-19.44285714285715,161.94882838675707,-13.498828386757083
2025-07-29,151.0,148.45,2.5500000000000114,177.2116091954023,-26.211609195402303,168.8714285714286,-17.871428571428595,160.82399217059697,-9.823992170596966
2025-07-30,145.2,151.0,-5.800000000000011,177.191539050536,-31.991539050536005,165.31428571428572,-20.114285714285728,160.00537429768573,-14.805374297685745
2025-07-31,148.75,145.2,3.5500000000000114,177.16706197398622,-28.417061973986222,163.21428571428572,-14.464285714285722,158.77166565818774,-10.021665658187743
2025-08-01,173.0,148.75,24.25,177.14533639143733,-4.145336391437326,161.56428571428572,11.435714285714283,157.93657596331934,15.063424036680658
2025-08-02,196.95,173.0,23.94999999999999,177.14216959511077,19.807830404889216,161.71428571428572,35.235714285714266,159.19178748319152,37.75821251680847
2025-08-03,156.0,196.95,-40.94999999999999,177.15729007633587,-21.15729007633587,165.2357142857143,-9.235714285714295,162.33812016329603,-6.338120163296026
2025-08-04,161.8,156.0,5.800000000000011,177.1411517925248,-15.341151792524784,159.90714285714284,1.8928571428571672,161.80997454222535,-0.009974542225336336
2025-08-05,152.8,161.8,-9.0,177.12945884146342,-24.329458841463406,161.8142857142857,-9.014285714285677,161.80914337925228,-9.009143379252265
2025-08-06,140.2,152.8,-12.600000000000023,177.11092916984006,-36.910929169840074,162.07142857142858,-21.871428571428595,161.05842557921684,-20.858425579216856
2025-08-07,140.6,140.2,0.4000000000000057,177.0828386605784,-36.48283866057841,161.35714285714286,-20.757142857142867,159.32032566184913,-18.72032566184913
2025-08-08,154.1,140.6,13.5,177.05509505703424,-22.955095057034242,160.19285714285712,-6.092857142857127,157.76039026009101,-3.6603902600910203
2025-08-09,185.3,154.1,31.200000000000017,177.03765197568387,8.26234802431614,157.49285714285716,27.80714285714285,157.45537567572387,27.84462432427614
2025-08-10,183.2,185.3,-2.1000000000000227,177.04392558845862,6.156074411541368,155.82857142857142,27.371428571428567,159.77562458681052,23.424375413189466
2025-08-11,136.89999999999998,183.2,-46.30000000000001,177.04859635811835,-40.14859635811837,159.71428571428572,-22.814285714285745,161.7275410828773,-24.82754108287733
2025-08-12,167.0,136.89999999999998,30.100000000000023,177.01815769522366,-10.018157695223664,156.15714285714284,10.842857142857156,159.658700990383,7.341299009616989
2025-08-13,162.3,167.0,-4.699999999999989,177.0105681818182,-14.71056818181819,158.18571428571428,4.114285714285728,160.27043993268848,2.029560067311536
2025-08-14,172.9,162.3,10.599999999999994,176.99943224829676,-4.0994322482967505,161.34285714285716,11.55714285714285,160.43955999268005,12.46044000731996
2025-08-15,160.65,172.9,-12.25,176.9963313161876,-16.346331316187587,165.95714285714286,-5.30714285714285,161.47786893238583,-0.8278689323858259
2025-08-16,146.2,160.65,-14.450000000000017,176.98397581254724,-30.783975812547254,166.89285714285714,-20.69285714285715,161.40888391156025,-15.208883911560264
2025-08-17,149.7,146.2,3.5,176.9607250755287,-27.26072507552871,161.30714285714288,-11.60714285714289,160.14155144825693,-10.441551448256945
2025-08-18,148.6,149.7,-1.0999999999999943,176.94015094339625,-28.340150943396253,156.52142857142854,-7.9214285714285495,159.27147332848315,-10.67147332848316
2025-08-19,153.89999999999998,148.6,5.299999999999983,176.91877828054297,-23.01877828054299,158.19285714285715,-4.292857142857173,158.3822361787287,-4.482236178728726
2025-08-20,180.95,153.89999999999998,27.05000000000001,176.90143180105503,4.048568198944963,156.32142857142858,24.628571428571405,158.00873846183325,22.941261538166742
2025-08-21,169.3,180.95,-11.649999999999977,176.90448042168674,-7.6044804216867306,158.98571428571427,10.314285714285745,159.9203978357569,9.379602164243124
2025-08-22,146.4,169.3,-22.900000000000006,176.8987584650113,-30.498758465011292,158.47142857142856,-12.071428571428555,160.701985385819,-14.301985385818995
2025-08-23,180.75,146.4,34.349999999999994,176.87582706766918,3.874172932330822,156.43571428571428,24.314285714285717,159.5102233555124,21.23977664448759
2025-08-24,168.2,180.75,-12.550000000000011,176.87873779113448,-8.678737791134495,161.37142857142857,6.828571428571422,161.28010065955382,6.919899340446165
2025-08-25,163.5,168.2,-4.699999999999989,176.8722222222222,-13.372222222222206,164.0142857142857,-0.5142857142857054,161.85672502778067,1.6432749722193307
2025-08-26,158.4,163.5,-5.099999999999994,176.8621905476369,-18.462190547636908,166.14285714285714,-7.742857142857133,161.99365655612542,-3.59365655612541
2025-08-27,136.45,158.4,-21.950000000000017,176.84835082458773,-40.39835082458774,166.78571428571428,-30.33571428571429,161.69420278673482,-25.24420278673483
2025-08-28,146.1,136.45,9.650000000000006,176.81808988764044,-30.718089887640446,160.42857142857142,-14.328571428571422,159.59064292738685,-13.490642927386858
2025-08-29,169.8,146.1,23.700000000000017,176.79509730538922,-6.9950973053892085,157.1142857142857,12.685714285714312,158.46648879272905,11.33351120727096
2025-08-30,189.95,169.8,20.149999999999977,176.78986537023187,13.160134629768123,160.45714285714283,29.49285714285716,159.41089252147793,30.539107478522055
2025-08-31,184.9,189.95,-5.049999999999983,176.79970104633782,8.10029895366219,161.77142857142854,23.128571428571462,161.95566849142418,22.94433150857583
2025-09-01,159.15,184.9,-25.75,176.8057505601195,-17.655750560119486,164.15714285714284,-5.0071428571428385,163.86758368117125,-4.717583681171249
2025-09-02,170.75,159.15,11.599999999999994,176.79257462686567,-6.042574626865672,163.53571428571428,7.214285714285722,163.47447482569802,7.2755251743019755
2025-09-03,148.3,170.75,-22.44999999999999,176.78806860551825,-28.488068605518237,165.29999999999998,-16.99999999999997,164.08073293737743,-15.780732937377422
2025-09-04,154.8,148.3,6.5,176.76684053651266,-21.96684053651265,166.99285714285716,-12.19285714285715,162.76574919086747,-7.965749190867456
2025-09-05,149.1,154.8,-5.700000000000017,176.75048399106478,-27.65048399106479,168.2357142857143,-19.1357142857143,162.10197579350165,-13.001975793501657
2025-09-06,163.4,149.1,14.300000000000011,176.72991071428572,-13.329910714285717,165.27857142857144,-1.8785714285714334,161.01854152534577,2.381458474654238
2025-09-07,178.9,163.4,15.5,176.72,2.180000000000007,161.4857142857143,17.41428571428571,161.2169847281796,17.68301527182041
2025-09-08,140.45,178.9,-38.45000000000002,176.72161961367013,-36.27161961367014,160.62857142857143,-20.178571428571445,162.69048268065148,-22.240482680651496
2025-09-09,158.7,140.45,18.25,176.69469190794356,-17.994691907943576,157.95714285714286,0.7428571428571331,160.83721811077066,-2.137218110770675
2025-09-10,149.0,158.7,-9.699999999999989,176.68134272997034,-27.68134272997034,156.2357142857143,-7.235714285714295,160.65912707472293,-11.659127074722932
2025-09-11,187.1,149.0,38.099999999999994,176.66082283172722,10.439177168272778,156.33571428571432,30.764285714285677,159.68759028599484,27.41240971400515
2025-09-12,164.3,187.1,-22.799999999999983,176.66855555555554,-12.368555555555531,160.95000000000002,3.3499999999999943,161.97182343090853,2.3281765690914824
2025-09-13,180.6,164.3,16.299999999999983,176.65940044411548,3.9405995558845177,163.12142857142857,17.478571428571428,162.1658267360471,18.434173263952886
2025-09-14,215.1,180.6,34.5,176.6623150887574,38.4376849112426,165.57857142857142,49.52142857142857,163.70191750690296,51.398082493097036
2025-09-15,152.8,215.1,-62.29999999999998,176.69072431633407,-23.890724316334058,170.75,-17.94999999999999,167.9848391778043,-15.184839177804292
2025-09-16,144.35000000000002,152.8,-8.449999999999989,176.67307976366322,-32.3230797636632,172.5142857142857,-28.164285714285683,166.7195103244856,-22.36951032448559
2025-09-17,178.3,144.35000000000002,33.94999999999999,176.64922509225093,1.6507749077490814,170.46428571428572,7.835714285714289,164.85549408323658,13.444505916763433
2025-09-18,150.4,178.3,-27.900000000000006,176.6504424778761,-26.250442477876106,174.65,-24.25,165.97580369309802,-15.57580369309801
2025-09-19,171.0,150.4,20.599999999999994,176.63109801031686,-5.631098010316862,169.40714285714287,1.5928571428571274,164.67789637937994,6.322103620620055
2025-09-20,156.75,171.0,-14.25,176.62695139911634,-19.876951399116336,170.36428571428573,-13.614285714285728,165.20470736704812,-8.454707367048115
2025-09-21,184.4,156.75,27.650000000000006,176.61232523914643,7.787674760853577,166.95714285714286,17.44285714285715,164.50018985108196,19.89981014891805
2025-09-22,166.0,184.4,-18.400000000000006,176.61805147058823,-10.618051470588227,162.57142857142858,3.4285714285714164,166.15840984683902,-0.15840984683902093
2025-09-23,138.7,166.0,-27.30000000000001,176.61024981631152,-37.910249816311534,164.45714285714286,-25.757142857142867,166.14520980253772,-27.445209802537732
2025-09-24,132.0,138.7,-6.699999999999989,176.5824155653451,-44.58241556534509,163.65,-31.650000000000006,163.85824347764594,-31.858243477645942
2025-09-25,155.95,132.0,23.94999999999999,176.54970652971386,-20.59970652971387,157.03571428571428,-1.085714285714289,161.20354597204178,-5.253545972041792
2025-09-26,175.3,155.95,19.350000000000023,176.53460410557184,-1.234604105571833,157.82857142857142,17.47142857142859,160.7657762187488,14.5342237812512
2025-09-27,188.0,175.3,12.699999999999989,176.53369963369963,11.466300366300374,158.44285714285712,29.55714285714288,161.9768903106181,26.023109689381897
2025-09-28,193.0,188.0,5.0,176.54209370424599,16.457906295754015,162.90714285714284,30.092857142857156,164.14535526157937,28.85464473842063
2025-09-29,160.8,193.0,-32.19999999999999,176.55413313825895,-15.754133138258936,164.13571428571427,-3.3357142857142605,166.54976759102647,-5.749767591026455
2025-09-30,175.0,160.8,14.199999999999989,176.54261695906433,-1.5426169590643326,163.39285714285714,11.607142857142861,166.07064846782646,8.929351532173541
2025-10-01,156.2,175.0,-18.80000000000001,176.54149013878742,-20.341490138787435,168.57857142857142,-12.378571428571433,166.81471733828246,-10.614717338282475
2025-10-02,135.65,156.2,-20.549999999999983,176.5266423357664,-40.876642335766405,172.03571428571428,-36.38571428571427,165.93020957625208,-30.280209576252076
2025-10-03,157.4,135.65,21.75,176.4968271334792,-19.096827133479195,169.1357142857143,-11.735714285714295,163.40700716279662,-6.0070071627966115
2025-10-04,179.2,157.4,21.799999999999983,176.4829081632653,2.7170918367346815,166.57857142857142,12.621428571428567,162.9064526691877,16.293547330812288
2025-10-05,190.60000000000002,179.2,11.400000000000034,176.4848871085215,14.115112891478532,165.32142857142858,25.27857142857144,164.26416843549796,26.335831564502058
2025-10-06,148.9,190.60000000000002,-41.70000000000002,176.49516011644832,-27.595160116448312,164.97857142857143,-16.078571428571422,166.4586920102629,-17.558692010262888
2025-10-07,148.55,148.9,-0.3499999999999943,176.4750909090909,-27.925090909090898,163.27857142857144,-14.728571428571428,164.9955537203561,-16.445553720356088
2025-10-08,168.55,148.55,20.0,176.4547965116279,-7.904796511627893,159.5,9.050000000000011,163.6251714998064,4.924828500193598
2025-10-09,164.9,168.55,-3.6500000000000057,176.44905591866376,-11.549055918663754,161.26428571428573,3.635714285714272,164.03554974128622,0.8644502587137879
2025-10-10,171.4,164.9,6.5,176.44067489114659,-5.04067489114658,165.44285714285715,5.9571428571428555,164.10758302671002,7.292416973289988
2025-10-11,237.7,171.4,66.29999999999998,176.43701957940536,61.26298042059463,167.44285714285712,70.25714285714287,164.71524870552884,72.98475129447115
2025-10-12,194.9,237.7,-42.79999999999998,176.48141304347826,18.41858695652175,175.8,19.099999999999994,170.7969536603084,24.103046339691616
2025-10-13,165.4,194.9,-29.5,176.49475018102825,-11.094750181028246,176.41428571428568,-11.014285714285677,172.80542274117087,-7.405422741170867
2025-10-14,182.6,165.4,17.19999999999999,176.48672214182344,6.113277858176559,178.77142857142857,3.828571428571422,172.18834046879996,10.41165953120003
2025-10-15,164.15,182.6,-18.44999999999999,176.4911424439624,-12.341142443962383,183.6357142857143,-19.485714285714295,173.05592774196745,-8.905927741967446
2025-10-16,162.4,164.15,-1.75,176.482225433526,-14.082225433525991,183.00714285714284,-20.607142857142833,172.31381073924314,-9.913810739243132
2025-10-17,157.7,162.4,-4.700000000000017,176.47205776173286,-18.772057761732867,182.65000000000003,-24.950000000000045,171.4877084257566,-13.78770842575662
2025-10-18,201.89999999999998,157.7,44.19999999999999,176.45851370851372,25.441486291486257,180.69285714285712,21.207142857142856,170.33880028863547,31.56119971136451
2025-10-19,183.3,201.89999999999998,-18.599999999999966,176.47685652487382,6.823143475126187,175.57857142857142,7.721428571428589,172.96874560267716,10.331254397322851
2025-10-20,167.3,183.3,-16.0,176.48177233429396,-9.181772334293953,173.92142857142858,-6.621428571428567,173.8296328420373,-6.5296328420373015
2025-10-21,190.8,167.3,23.5,176.47516198704105,14.324838012958963,174.19285714285712,16.60714285714289,173.28552876955666,17.51447123044335
2025-10-22,165.5,190.8,-25.30000000000001,176.48546762589928,-10.985467625899275,175.36428571428573,-9.864285714285728,174.74498221117716,-9.24498221117716
2025-10-23,156.0,165.5,-9.5,176.47757009345793,-20.477570093457928,175.55714285714288,-19.55714285714288,173.97461233084815,-17.974612330848146
2025-10-24,171.5,156.0,15.5,176.4628591954023,-4.962859195402302,174.64285714285714,-3.142857142857139,172.47681605239399,-0.9768160523939855
2025-10-25,192.0,171.5,20.5,176.45929648241204,15.540703517587957,176.61428571428573,15.385714285714272,172.39541950146537,19.60458049853463
2025-10-26,179.5,192.0,-12.5,176.47044476327116,3.0295552367288394,175.20000000000002,4.299999999999983,174.02903847309491,5.470961526905086
2025-10-27,173.4,179.5,-6.099999999999994,176.47261648745518,-3.0726164874551785,174.65714285714284,-1.2571428571428385,174.4849251238741,-1.0849251238740862
2025-10-28,160.39999999999998,173.4,-13.000000000000028,176.47041547277937,-16.070415472779388,175.52857142857144,-15.128571428571462,174.39452001343113,-13.994520013431156
2025-10-29,175.9,160.39999999999998,15.500000000000028,176.45891195418756,-0.5589119541875505,171.1857142857143,4.714285714285694,173.22837859079272,2.6716214092072903
2025-10-30,161.55,175.9,-14.349999999999994,176.4585121602289,-14.908512160228895,172.67142857142858,-11.121428571428567,173.4510006162637,-11.901000616263701
2025-10-31,187.0,161.55,25.44999999999999,176.4478556111508,10.5521443888492,173.46428571428572,13.535714285714278,172.45930888434643,14.540691115653573
2025-11-01,192.65,187.0,5.650000000000006,176.45539285714284,16.194607142857166,175.67857142857142,16.97142857142859,173.67096188905685,18.97903811094315
2025-11-02,194.5,192.65,1.8499999999999943,176.46695217701642,18.033047822983576,175.77142857142854,18.728571428571456,175.2524553937832,19.247544606216792
2025-11-03,162.7,194.5,-31.80000000000001,176.47981455064195,-13.779814550641959,177.91428571428574,-15.21428571428575,176.8563231239982,-14.15632312399822
2025-11-04,152.1,162.7,-10.599999999999994,176.46999287241624,-24.369992872416248,176.3857142857143,-24.285714285714306,175.67669890170944,-23.57669890170945
2025-11-05,189.25,152.1,37.150000000000006,176.45263532763533,12.797364672364665,175.2,14.050000000000011,173.71208952804247,15.537910471957531
2025-11-06,193.7,189.25,4.449999999999989,176.461743772242,17.238256227758,177.10714285714286,16.592857142857127,175.0068392590234,18.693160740976595
2025-11-07,192.2,193.7,-1.5,176.47400426742533,15.72599573257466,181.7,10.5,176.56451105049388,15.635488949506112
2025-11-08,200.6,192.2,8.400000000000006,176.48518123667378,24.114818763326213,182.44285714285715,18.157142857142844,177.86739184309877,22.73260815690122
2025-11-09,183.0,200.6,-17.599999999999994,176.50230823863637,6.497691761363626,183.57857142857142,-0.5785714285714221,179.76166445773137,3.2383355422686293
2025-11-10,162.5,183.0,-20.5,176.5069198012775,-14.00691980127749,181.93571428571428,-19.435714285714283,180.03150988384226,-17.53150988384226
2025-11-11,209.1,162.5,46.599999999999994,176.49698581560284,32.60301418439715,181.90714285714284,27.19285714285715,178.57063663793443,30.529363362065567
2025-11-12,184.35,209.1,-24.75,176.52009213323885,7.829907866761147,190.04999999999998,-5.699999999999989,181.11460064592586,3.235399354074133
2025-11-13,172.2,184.35,-12.150000000000006,176.5256373937677,-4.325637393767721,189.35,-17.150000000000006,181.38420140407564,-9.184201404075651
2025-11-14,170.2,172.2,-2.0,176.52257607926398,-6.322576079263996,186.27857142857144,-16.07857142857145,180.61889629315596,-10.418896293155967
2025-11-15,206.3,170.2,36.10000000000002,176.51810466760963,29.781895332390377,183.13571428571427,23.16428571428574,179.75070599195504,26.549294008044967
2025-11-16,194.25,206.3,-12.050000000000011,176.53915194346288,17.710848056537117,183.95000000000002,10.299999999999983,181.96301705763457,12.286982942365427
2025-11-17,168.7,194.25,-25.55000000000001,176.55165960451976,-7.851659604519767,185.55714285714288,-16.85714285714289,182.98687209193318,-14.28687209193319
2025-11-18,201.9,168.7,33.20000000000002,176.54611856033875,25.35388143966125,186.44285714285712,15.457142857142884,181.79636942872284,20.103630571277165
2025-11-19,188.85000000000002,201.9,-13.049999999999983,176.56399858956277,12.286001410437251,185.41428571428574,3.4357142857142833,183.47157346087874,5.378426539121278
2025-11-20,183.2,188.85000000000002,-5.650000000000034,176.57265680056378,6.627343199436211,186.05714285714288,-2.8571428571428896,183.91974931613262,-0.7197493161326349
2025-11-21,184.6,183.2,1.4000000000000057,176.57732394366195,8.022676056338042,187.6285714285714,-3.0285714285714107,183.85977373350082,0.7402262664991781
2025-11-22,214.4,184.6,29.80000000000001,176.58296973961998,37.81703026038002,189.6857142857143,24.714285714285694,183.9214556283183,30.478544371681693
2025-11-23,187.05,214.4,-27.349999999999994,176.6095639943741,10.440436005625912,190.84285714285713,-3.792857142857116,186.46118496947682,0.5888150305231932
2025-11-24,174.15,187.05,-12.900000000000006,176.6169009135629,-2.466900913562881,189.8142857142857,-15.664285714285683,186.51025000326908,-12.360250003269073
2025-11-25,170.0,174.15,-4.150000000000006,176.61516853932585,-6.61516853932585,190.59285714285716,-20.592857142857156,185.48028973959836,-15.480289739598362
2025-11-26,180.7,170.0,10.699999999999989,176.61052631578949,4.089473684210503,186.03571428571428,-5.335714285714289,184.1903414539505,-3.4903414539505206
2025-11-27,194.0,180.7,13.300000000000011,176.61339410939692,17.38660589060308,184.8714285714286,9.128571428571405,183.89949677012444,10.100503229875557
2025-11-28,191.0,194.0,-3.0,176.62557813594955,14.374421864050447,186.41428571428574,4.5857142857142605,184.74115587629933,6.258844123700669
2025-11-29,241.6,191.0,50.599999999999994,176.6356442577031,64.9643557422969,187.32857142857142,54.27142857142857,185.26269554921984,56.33730445078015
2025-11-30,234.2,241.6,-7.400000000000006,176.6811056682995,57.518894331700494,191.21428571428572,42.985714285714266,189.9571948458584,44.24280515414159
2025-12-01,194.6,234.2,-39.599999999999994,176.72132867132868,17.878671328671317,197.95,-3.3499999999999943,193.6438784687657,0.9561215312342881
2025-12-02,173.5,194.6,-21.099999999999994,176.73382250174703,-3.233822501747028,200.87142857142857,-27.371428571428567,193.72355057767538,-20.223550577675383
2025-12-03,196.55,173.5,23.05000000000001,176.73156424581006,19.81843575418995,201.37142857142857,-4.821428571428555,192.0383537993067,4.5116462006933205
2025-12-04,187.89999999999998,196.55,-8.650000000000034,176.745394277739,11.154605722260982,203.6357142857143,-15.735714285714323,192.41430220724556,-4.514302207245578
2025-12-05,171.6,187.89999999999998,-16.299999999999983,176.7531729428173,-5.153172942817292,202.7642857142857,-31.16428571428571,192.0381324784428,-20.43813247844281
2025-12-06,213.7,171.6,42.099999999999994,176.7495818815331,36.9504181184669,199.9928571428571,13.707142857142884,190.33505492654325,23.364945073456738
2025-12-07,218.0,213.7,4.300000000000011,176.77531337047355,41.224686629526445,196.00714285714284,21.99285714285716,192.28201918553032,25.717980814469684
2025-12-08,183.55,218.0,-34.44999999999999,176.80400139178846,6.745998608211551,193.69285714285712,-10.14285714285711,194.42505822549666,-10.875058225496645
2025-12-09,169.55,183.55,-14.0,176.8086926286509,-7.258692628650891,192.11428571428573,-22.564285714285717,193.5188566653013,-23.968856665301303
2025-12-10,188.0,169.55,18.44999999999999,176.8036483669215,11.196351633078507,191.55,-3.5500000000000114,191.52156939972414,-3.521569399724143
2025-12-11,183.3,188.0,-4.699999999999989,176.8114236111111,6.488576388888902,190.32857142857142,-7.028571428571411,191.22812254011245,-7.92812254011244
2025-12-12,179.7,183.3,-3.6000000000000227,176.81592643997223,2.8840735600277583,189.67142857142858,-9.97142857142859,190.5674845125913,-10.867484512591318
2025-12-13,179.4,179.7,-0.29999999999998295,176.81792649098475,2.5820735090152596,190.82857142857142,-11.428571428571416,189.661914058024,-10.26191405802399
2025-12-14,197.9,179.4,18.5,176.81971586971588,21.080284130284127,185.92857142857142,11.97142857142859,188.80680484047798,9.093195159522026
2025-12-15,183.3,197.9,-14.599999999999994,176.83431440443212,6.465685595567891,183.05714285714288,0.2428571428571331,189.56452654365015,-6.264526543650135
2025-12-16,165.9,183.3,-17.400000000000006,176.83878892733563,-10.938788927335622,183.02142857142854,-17.121428571428538,189.04251336357987,-23.142513363579866
2025-12-17,184.4,165.9,18.5,176.83122406639004,7.56877593360997,182.5,1.9000000000000057,187.11408399041574,-2.7140839904157303
2025-12-18,191.7,184.4,7.299999999999983,176.83645473393227,14.863545266067717,181.9857142857143,9.714285714285694,186.88792362459355,4.812076375406434
2025-12-19,207.2,191.7,15.5,176.84671961325967,30.353280386740323,183.18571428571428,24.014285714285705,187.28890640820282,19.91109359179717
2025-12-20,189.6,207.2,-17.599999999999994,176.8676673567978,12.732332643202199,187.1142857142857,2.4857142857142946,188.9480666355733,0.6519333644266965
2025-12-21,176.9,189.6,-12.699999999999989,176.87644827586206,0.023551724137945484,188.57142857142858,-11.671428571428578,189.00239122122028,-12.102391221220273
2025-12-22,194.60000000000002,176.9,17.700000000000017,176.8764645072364,17.72353549276363,185.57142857142858,9.02857142857144,187.99391792578066,6.6060820742193584
2025-12-23,191.4,194.60000000000002,-3.200000000000017,176.88867079889806,14.511329201101944,187.1857142857143,4.214285714285694,188.54439239297946,2.855607607020545
2025-12-24,185.55,191.4,-5.849999999999994,176.8986579490709,8.651342050929117,190.82857142857142,-5.278571428571411,188.78234569999907,-3.2323456999990583
2025-12-25,190.5,185.55,4.949999999999989,176.90460797799173,13.59539202200827,190.99285714285716,-0.49285714285716153,188.51299939805816,1.987000601941844
2025-12-26,218.7,190.5,28.19999999999999,176.91395189003435,41.786048109965634,190.82142857142858,27.878571428571405,188.6785730444932,30.021426955506797
2025-12-27,228.1,218.7,9.400000000000006,176.9426510989011,51.157348901098885,192.46428571428572,35.63571428571427,191.18021150768666,36.91978849231333
2025-12-28,241.8,228.1,13.700000000000017,176.97776252573783,64.82223747426218,197.96428571428572,43.83571428571429,194.25667962768046,47.543320372319556
2025-12-29,203.2,241.8,-38.60000000000002,177.0222222222222,26.177777777777777,207.2357142857143,-4.035714285714306,198.21839001165364,4.981609988346349
2025-12-30,237.9,203.2,34.70000000000002,177.0401644962303,60.859835503769716,208.46428571428572,29.435714285714283,198.6334997655619,39.2665002344381
2025-12-31,190.5,237.9,-47.400000000000006,177.0818493150685,13.418150684931504,215.10714285714286,-24.60714285714286,201.90551569761766,-11.405515697617659
